686f06,::1,GET,http://localhost/legrandprof/web/app_dev.php/course/,1471039756,a46635,200
a46635,::1,GET,http://localhost/legrandprof/web/app_dev.php/course/,1471039756,,404
acd928,::1,GET,http://localhost/legrandprof/web/app_dev.php/course,1471039771,464ce9,200
464ce9,::1,GET,http://localhost/legrandprof/web/app_dev.php/course,1471039772,,404
b87e0b,::1,GET,http://localhost/legrandprof/web/app_dev.php/,1471039773,,200
ae997d,::1,GET,http://localhost/legrandprof/web/app_dev.php/course,1471039809,52754f,200
52754f,::1,GET,http://localhost/legrandprof/web/app_dev.php/course,1471039810,,404
d187c0,::1,GET,http://localhost/legrandprof/web/app_dev.php/course/search/prof/matiere,1471039817,,200
66ae15,::1,GET,http://localhost/legrandprof/web/app_dev.php/course/search/prof/test,1471039837,,200
a77f06,::1,GET,http://localhost/legrandprof/web/app_dev.php/course/search/informatique,1471039914,,200
